OFFICIAL_USE,YEAR,COUNT,AGENCY_SPECIES_CODE,REPORTING_AREA,GEAR_CODE,FMP,FMP_subarea
SHARK_COUNTS,2013,0.00707952,692,508,PTR,BSAI,EBS
SHARK_COUNTS,2011,9.046583851,692,509,HAL,BSAI,EBS
SHARK_COUNTS,2011,36.16923061,692,509,PTR,BSAI,EBS
SHARK_COUNTS,2012,5.457219251,692,509,HAL,BSAI,EBS
SHARK_COUNTS,2012,5.067396776,692,509,PTR,BSAI,EBS
SHARK_COUNTS,2013,26.4259368,692,509,HAL,BSAI,EBS
SHARK_COUNTS,2013,6,692,509,PTR,BSAI,EBS
SHARK_COUNTS,2014,13.19053791,692,509,HAL,BSAI,EBS
SHARK_COUNTS,2014,0.45,692,509,NPT,BSAI,EBS
SHARK_COUNTS,2014,12.25323229,692,509,PTR,BSAI,EBS
SHARK_COUNTS,2015,3.811728395,692,509,HAL,BSAI,EBS
SHARK_COUNTS,2015,0,692,509,PTR,BSAI,EBS
SHARK_COUNTS,2016,21.68831886,692,509,HAL,BSAI,EBS
SHARK_COUNTS,2016,93,692,509,NPT,BSAI,EBS
SHARK_COUNTS,2016,9.977327809,692,509,PTR,BSAI,EBS
SHARK_COUNTS,2017,28.09065624,692,509,HAL,BSAI,EBS
SHARK_COUNTS,2017,1.023850883,692,509,NPT,BSAI,EBS
SHARK_COUNTS,2017,5,692,509,PTR,BSAI,EBS
SHARK_COUNTS,2018,15.30691911,692,509,HAL,BSAI,EBS
SHARK_COUNTS,2018,1,692,509,NPT,BSAI,EBS
SHARK_COUNTS,2018,12.02590731,692,509,PTR,BSAI,EBS
SHARK_COUNTS,2019,8,692,509,HAL,BSAI,EBS
SHARK_COUNTS,2019,4,692,509,NPT,BSAI,EBS
SHARK_COUNTS,2019,9.52689505,692,509,PTR,BSAI,EBS
SHARK_COUNTS,2020,3.791813162,692,509,PTR,BSAI,EBS
SHARK_COUNTS,2021,878.9268165,692,509,PTR,BSAI,EBS
SHARK_COUNTS,2022,5,692,509,PTR,BSAI,EBS
SHARK_COUNTS,2011,3.002049808,692,513,POT,BSAI,EBS
SHARK_COUNTS,2011,17.02673884,692,513,PTR,BSAI,EBS
SHARK_COUNTS,2012,5.015256056,692,513,PTR,BSAI,EBS
SHARK_COUNTS,2013,5,692,513,PTR,BSAI,EBS
SHARK_COUNTS,2014,7.854122622,692,513,HAL,BSAI,EBS
SHARK_COUNTS,2014,10.00181801,692,513,PTR,BSAI,EBS
SHARK_COUNTS,2015,29.29863402,692,513,HAL,BSAI,EBS
SHARK_COUNTS,2015,5,692,513,PTR,BSAI,EBS
SHARK_COUNTS,2016,222.1724967,692,513,HAL,BSAI,EBS
SHARK_COUNTS,2016,3,692,513,NPT,BSAI,EBS
SHARK_COUNTS,2016,127.008754,692,513,PTR,BSAI,EBS
SHARK_COUNTS,2017,144.7542484,692,513,HAL,BSAI,EBS
SHARK_COUNTS,2017,4.53811149,692,513,NPT,BSAI,EBS
SHARK_COUNTS,2017,39.88522611,692,513,PTR,BSAI,EBS
SHARK_COUNTS,2018,22.8535303,692,513,HAL,BSAI,EBS
SHARK_COUNTS,2018,69,692,513,NPT,BSAI,EBS
SHARK_COUNTS,2018,14.00302286,692,513,PTR,BSAI,EBS
SHARK_COUNTS,2019,90.63796023,692,513,HAL,BSAI,EBS
SHARK_COUNTS,2019,6,692,513,NPT,BSAI,EBS
SHARK_COUNTS,2019,0.001447269,692,513,PTR,BSAI,EBS
SHARK_COUNTS,2020,26.913037,692,513,HAL,BSAI,EBS
SHARK_COUNTS,2020,2,692,513,NPT,BSAI,EBS
SHARK_COUNTS,2020,1.172358809,692,513,PTR,BSAI,EBS
SHARK_COUNTS,2021,5,692,513,NPT,BSAI,EBS
SHARK_COUNTS,2022,0.021913847,692,513,PTR,BSAI,EBS
SHARK_COUNTS,2011,0.018843118,692,514,PTR,BSAI,EBS
SHARK_COUNTS,2013,0.358638546,692,514,HAL,BSAI,EBS
SHARK_COUNTS,2014,0.009246934,692,514,PTR,BSAI,EBS
SHARK_COUNTS,2016,38.90567283,692,514,HAL,BSAI,EBS
SHARK_COUNTS,2018,2,692,514,NPT,BSAI,EBS
SHARK_COUNTS,2019,6.237740242,692,514,HAL,BSAI,EBS
SHARK_COUNTS,2020,0.318730556,692,514,HAL,BSAI,EBS
SHARK_COUNTS,2011,0.009233605,692,516,PTR,BSAI,EBS
SHARK_COUNTS,2014,0.004053032,692,516,PTR,BSAI,EBS
SHARK_COUNTS,2015,0.000465481,692,516,PTR,BSAI,EBS
SHARK_COUNTS,2016,6.85513E-05,692,516,PTR,BSAI,EBS
SHARK_COUNTS,2017,0,692,516,PTR,BSAI,EBS
SHARK_COUNTS,2020,0.000151056,692,516,PTR,BSAI,EBS
SHARK_COUNTS,2021,4.214638658,692,516,PTR,BSAI,EBS
SHARK_COUNTS,2011,128.9863215,692,517,HAL,BSAI,EBS
SHARK_COUNTS,2011,132,692,517,NPT,BSAI,EBS
SHARK_COUNTS,2011,0.27159945,692,517,POT,BSAI,EBS
SHARK_COUNTS,2011,165.7789355,692,517,PTR,BSAI,EBS
SHARK_COUNTS,2012,177.9847842,692,517,HAL,BSAI,EBS
SHARK_COUNTS,2012,98,692,517,NPT,BSAI,EBS
SHARK_COUNTS,2012,0.180269855,692,517,POT,BSAI,EBS
SHARK_COUNTS,2012,276.7387766,692,517,PTR,BSAI,EBS
SHARK_COUNTS,2013,1088.755436,692,517,HAL,BSAI,EBS
SHARK_COUNTS,2013,101,692,517,NPT,BSAI,EBS
SHARK_COUNTS,2013,441.2499655,692,517,PTR,BSAI,EBS
SHARK_COUNTS,2014,1595.612693,692,517,HAL,BSAI,EBS
SHARK_COUNTS,2014,1.374486864,692,517,NPT,BSAI,EBS
SHARK_COUNTS,2014,373.6839006,692,517,PTR,BSAI,EBS
SHARK_COUNTS,2015,1260.88819,692,517,HAL,BSAI,EBS
SHARK_COUNTS,2015,131.1704501,692,517,PTR,BSAI,EBS
SHARK_COUNTS,2016,769.9275906,692,517,HAL,BSAI,EBS
SHARK_COUNTS,2016,53,692,517,NPT,BSAI,EBS
SHARK_COUNTS,2016,759.6774372,692,517,PTR,BSAI,EBS
SHARK_COUNTS,2017,471.8049732,692,517,HAL,BSAI,EBS
SHARK_COUNTS,2017,74,692,517,NPT,BSAI,EBS
SHARK_COUNTS,2017,693.2524787,692,517,PTR,BSAI,EBS
SHARK_COUNTS,2018,69.64277528,692,517,HAL,BSAI,EBS
SHARK_COUNTS,2018,1.607173637,692,517,POT,BSAI,EBS
SHARK_COUNTS,2018,96.19936113,692,517,PTR,BSAI,EBS
SHARK_COUNTS,2019,109.7327399,692,517,HAL,BSAI,EBS
SHARK_COUNTS,2019,76,692,517,NPT,BSAI,EBS
SHARK_COUNTS,2019,1222.831487,692,517,PTR,BSAI,EBS
SHARK_COUNTS,2020,26.45172524,692,517,HAL,BSAI,EBS
SHARK_COUNTS,2020,2,692,517,NPT,BSAI,EBS
SHARK_COUNTS,2020,115.8501199,692,517,PTR,BSAI,EBS
SHARK_COUNTS,2021,113.3253673,692,517,HAL,BSAI,EBS
SHARK_COUNTS,2021,58,692,517,NPT,BSAI,EBS
SHARK_COUNTS,2021,3.406039783,692,517,POT,BSAI,EBS
SHARK_COUNTS,2021,86.85496269,692,517,PTR,BSAI,EBS
SHARK_COUNTS,2022,103.6525103,692,517,HAL,BSAI,EBS
SHARK_COUNTS,2022,147.5417272,692,517,PTR,BSAI,EBS
SHARK_COUNTS,2011,4.798320746,692,518,HAL,BSAI,EBS
SHARK_COUNTS,2011,1,692,518,NPT,BSAI,EBS
SHARK_COUNTS,2011,30.88732068,692,518,POT,BSAI,EBS
SHARK_COUNTS,2012,8.153549566,692,518,POT,BSAI,EBS
SHARK_COUNTS,2013,3.214601846,692,518,HAL,BSAI,EBS
SHARK_COUNTS,2013,55,692,518,NPT,BSAI,EBS
SHARK_COUNTS,2013,26.05216894,692,518,POT,BSAI,EBS
SHARK_COUNTS,2014,1.764817535,692,518,HAL,BSAI,EBS
SHARK_COUNTS,2014,28.85003782,692,518,POT,BSAI,EBS
SHARK_COUNTS,2015,1,692,518,NPT,BSAI,EBS
SHARK_COUNTS,2015,29.0977413,692,518,POT,BSAI,EBS
SHARK_COUNTS,2016,9,692,518,NPT,BSAI,EBS
SHARK_COUNTS,2017,4.017462034,692,518,NPT,BSAI,EBS
SHARK_COUNTS,2018,1,692,518,NPT,BSAI,EBS
SHARK_COUNTS,2019,4,692,518,NPT,BSAI,EBS
SHARK_COUNTS,2019,27.19312211,692,518,POT,BSAI,EBS
SHARK_COUNTS,2020,2,692,518,NPT,BSAI,EBS
SHARK_COUNTS,2020,0.440537128,692,518,POT,BSAI,EBS
SHARK_COUNTS,2021,10,692,518,NPT,BSAI,EBS
SHARK_COUNTS,2021,13.09001899,692,518,POT,BSAI,EBS
SHARK_COUNTS,2022,9,692,518,NPT,BSAI,EBS
SHARK_COUNTS,2011,7.884752964,692,519,HAL,BSAI,EBS
SHARK_COUNTS,2011,65,692,519,NPT,BSAI,EBS
SHARK_COUNTS,2011,12.75180678,692,519,POT,BSAI,EBS
SHARK_COUNTS,2011,4.840115926,692,519,PTR,BSAI,EBS
SHARK_COUNTS,2012,3,692,519,HAL,BSAI,EBS
SHARK_COUNTS,2012,77,692,519,NPT,BSAI,EBS
SHARK_COUNTS,2012,6.998461806,692,519,POT,BSAI,EBS
SHARK_COUNTS,2012,35.00762651,692,519,PTR,BSAI,EBS
SHARK_COUNTS,2013,63.09016828,692,519,HAL,BSAI,EBS
SHARK_COUNTS,2013,1,692,519,NPT,BSAI,EBS
SHARK_COUNTS,2013,33.43833209,692,519,POT,BSAI,EBS
SHARK_COUNTS,2013,0.651076362,692,519,PTR,BSAI,EBS
SHARK_COUNTS,2014,12.88485013,692,519,HAL,BSAI,EBS
SHARK_COUNTS,2014,0.100330881,692,519,NPT,BSAI,EBS
SHARK_COUNTS,2014,22.10667105,692,519,PTR,BSAI,EBS
SHARK_COUNTS,2015,16.85480845,692,519,HAL,BSAI,EBS
SHARK_COUNTS,2015,0,692,519,PTR,BSAI,EBS
SHARK_COUNTS,2016,1.837201774,692,519,HAL,BSAI,EBS
SHARK_COUNTS,2016,33,692,519,NPT,BSAI,EBS
SHARK_COUNTS,2016,169.33,692,519,PTR,BSAI,EBS
SHARK_COUNTS,2017,3,692,519,HAL,BSAI,EBS
SHARK_COUNTS,2017,1,692,519,NPT,BSAI,EBS
SHARK_COUNTS,2017,196.5144314,692,519,PTR,BSAI,EBS
SHARK_COUNTS,2018,3,692,519,NPT,BSAI,EBS
SHARK_COUNTS,2018,25.92474536,692,519,POT,BSAI,EBS
SHARK_COUNTS,2018,277.2039759,692,519,PTR,BSAI,EBS
SHARK_COUNTS,2019,4,692,519,NPT,BSAI,EBS
SHARK_COUNTS,2019,49.3432553,692,519,POT,BSAI,EBS
SHARK_COUNTS,2019,26.41095478,692,519,PTR,BSAI,EBS
SHARK_COUNTS,2020,18.64728185,692,519,POT,BSAI,EBS
SHARK_COUNTS,2020,8.835005861,692,519,PTR,BSAI,EBS
SHARK_COUNTS,2021,14.7637085,692,519,POT,BSAI,EBS
SHARK_COUNTS,2021,78,692,519,PTR,BSAI,EBS
SHARK_COUNTS,2022,0,692,519,PTR,BSAI,EBS
SHARK_COUNTS,2011,787.565896,692,521,HAL,BSAI,EBS
SHARK_COUNTS,2011,302.6097096,692,521,PTR,BSAI,EBS
SHARK_COUNTS,2012,406.7510712,692,521,HAL,BSAI,EBS
SHARK_COUNTS,2012,85,692,521,NPT,BSAI,EBS
SHARK_COUNTS,2012,615.8676823,692,521,PTR,BSAI,EBS
SHARK_COUNTS,2013,359.0538775,692,521,HAL,BSAI,EBS
SHARK_COUNTS,2013,7,692,521,NPT,BSAI,EBS
SHARK_COUNTS,2013,235.1566423,692,521,PTR,BSAI,EBS
SHARK_COUNTS,2014,941.8994219,692,521,HAL,BSAI,EBS
SHARK_COUNTS,2014,74,692,521,NPT,BSAI,EBS
SHARK_COUNTS,2014,471.9041568,692,521,PTR,BSAI,EBS
SHARK_COUNTS,2015,1205.979366,692,521,HAL,BSAI,EBS
SHARK_COUNTS,2015,178,692,521,NPT,BSAI,EBS
SHARK_COUNTS,2015,582.1354907,692,521,PTR,BSAI,EBS
SHARK_COUNTS,2016,1493.280483,692,521,HAL,BSAI,EBS
SHARK_COUNTS,2016,18,692,521,NPT,BSAI,EBS
SHARK_COUNTS,2016,123.7460287,692,521,PTR,BSAI,EBS
SHARK_COUNTS,2017,1200.587174,692,521,HAL,BSAI,EBS
SHARK_COUNTS,2017,24,692,521,NPT,BSAI,EBS
SHARK_COUNTS,2017,395.0054665,692,521,PTR,BSAI,EBS
SHARK_COUNTS,2018,792.1286817,692,521,HAL,BSAI,EBS
SHARK_COUNTS,2018,16.43071161,692,521,NPT,BSAI,EBS
SHARK_COUNTS,2018,187.0158272,692,521,PTR,BSAI,EBS
SHARK_COUNTS,2019,2924.843327,692,521,HAL,BSAI,EBS
SHARK_COUNTS,2019,316,692,521,NPT,BSAI,EBS
SHARK_COUNTS,2019,306,692,521,PTR,BSAI,EBS
SHARK_COUNTS,2020,856.4197786,692,521,HAL,BSAI,EBS
SHARK_COUNTS,2020,392,692,521,NPT,BSAI,EBS
SHARK_COUNTS,2020,452.8348824,692,521,PTR,BSAI,EBS
SHARK_COUNTS,2021,731.5235765,692,521,HAL,BSAI,EBS
SHARK_COUNTS,2021,147,692,521,NPT,BSAI,EBS
SHARK_COUNTS,2021,0.748373596,692,521,POT,BSAI,EBS
SHARK_COUNTS,2021,237,692,521,PTR,BSAI,EBS
SHARK_COUNTS,2022,803.1916755,692,521,HAL,BSAI,EBS
SHARK_COUNTS,2022,131,692,521,NPT,BSAI,EBS
SHARK_COUNTS,2022,34,692,521,PTR,BSAI,EBS
SHARK_COUNTS,2011,3.754596926,692,523,HAL,BSAI,EBS
SHARK_COUNTS,2011,3.036923026,692,523,PTR,BSAI,EBS
SHARK_COUNTS,2012,20.80839612,692,523,HAL,BSAI,EBS
SHARK_COUNTS,2012,0.84801642,692,523,PTR,BSAI,EBS
SHARK_COUNTS,2013,44.00681938,692,523,HAL,BSAI,EBS
SHARK_COUNTS,2013,5.010028764,692,523,PTR,BSAI,EBS
SHARK_COUNTS,2014,217.1659407,692,523,HAL,BSAI,EBS
SHARK_COUNTS,2014,1.059457326,692,523,PTR,BSAI,EBS
SHARK_COUNTS,2015,106.3625505,692,523,HAL,BSAI,EBS
SHARK_COUNTS,2015,0.000742768,692,523,PTR,BSAI,EBS
SHARK_COUNTS,2016,56.11453636,692,523,HAL,BSAI,EBS
SHARK_COUNTS,2017,4,692,523,HAL,BSAI,EBS
SHARK_COUNTS,2017,6,692,523,PTR,BSAI,EBS
SHARK_COUNTS,2018,10.29018789,692,523,HAL,BSAI,EBS
SHARK_COUNTS,2018,6.000378247,692,523,PTR,BSAI,EBS
SHARK_COUNTS,2019,12,692,523,HAL,BSAI,EBS
SHARK_COUNTS,2019,18.00538765,692,523,PTR,BSAI,EBS
SHARK_COUNTS,2020,16.67160082,692,523,HAL,BSAI,EBS
SHARK_COUNTS,2020,31,692,523,NPT,BSAI,EBS
SHARK_COUNTS,2020,17.04067348,692,523,PTR,BSAI,EBS
SHARK_COUNTS,2021,7.273084479,692,523,HAL,BSAI,EBS
SHARK_COUNTS,2021,1,692,523,NPT,BSAI,EBS
SHARK_COUNTS,2021,0.1186599,692,523,POT,BSAI,EBS
SHARK_COUNTS,2021,0,692,523,PTR,BSAI,EBS
SHARK_COUNTS,2011,220.3040536,692,524,HAL,BSAI,EBS
SHARK_COUNTS,2011,54,692,524,NPT,BSAI,EBS
SHARK_COUNTS,2011,13,692,524,PTR,BSAI,EBS
SHARK_COUNTS,2012,27.30379747,692,524,HAL,BSAI,EBS
SHARK_COUNTS,2012,73,692,524,NPT,BSAI,EBS
SHARK_COUNTS,2012,6,692,524,PTR,BSAI,EBS
SHARK_COUNTS,2014,17.13910089,692,524,HAL,BSAI,EBS
SHARK_COUNTS,2014,1,692,524,NPT,BSAI,EBS
SHARK_COUNTS,2014,4.023402368,692,524,PTR,BSAI,EBS
SHARK_COUNTS,2015,27.96098457,692,524,HAL,BSAI,EBS
SHARK_COUNTS,2015,51,692,524,NPT,BSAI,EBS
SHARK_COUNTS,2016,372.3788501,692,524,HAL,BSAI,EBS
SHARK_COUNTS,2016,3,692,524,PTR,BSAI,EBS
SHARK_COUNTS,2017,351.5492838,692,524,HAL,BSAI,EBS
SHARK_COUNTS,2017,3,692,524,PTR,BSAI,EBS
SHARK_COUNTS,2018,175.4749474,692,524,HAL,BSAI,EBS
SHARK_COUNTS,2018,13.85196608,692,524,NPT,BSAI,EBS
SHARK_COUNTS,2018,1,692,524,PTR,BSAI,EBS
SHARK_COUNTS,2019,438.8279253,692,524,HAL,BSAI,EBS
SHARK_COUNTS,2019,62,692,524,NPT,BSAI,EBS
SHARK_COUNTS,2019,70,692,524,PTR,BSAI,EBS
SHARK_COUNTS,2020,20.72823965,692,524,HAL,BSAI,EBS
SHARK_COUNTS,2020,71,692,524,PTR,BSAI,EBS
SHARK_COUNTS,2021,37.26277702,692,524,HAL,BSAI,EBS
SHARK_COUNTS,2021,3,692,524,NPT,BSAI,EBS
SHARK_COUNTS,2022,4.36490782,692,524,HAL,BSAI,EBS
SHARK_COUNTS,2022,1,692,524,NPT,BSAI,EBS
SHARK_COUNTS,2011,16.11730071,692,541,HAL,BSAI,AI
SHARK_COUNTS,2011,1,692,541,NPT,BSAI,AI
SHARK_COUNTS,2011,4.264584205,692,541,POT,BSAI,AI
SHARK_COUNTS,2012,2,692,541,NPT,BSAI,AI
SHARK_COUNTS,2012,2.244173352,692,541,POT,BSAI,AI
SHARK_COUNTS,2013,76.25897417,692,541,HAL,BSAI,AI
SHARK_COUNTS,2013,2,692,541,NPT,BSAI,AI
SHARK_COUNTS,2014,2.374855602,692,541,HAL,BSAI,AI
SHARK_COUNTS,2015,11.17078566,692,541,HAL,BSAI,AI
SHARK_COUNTS,2015,1,692,541,NPT,BSAI,AI
SHARK_COUNTS,2016,17.89505952,692,541,HAL,BSAI,AI
SHARK_COUNTS,2016,2,692,541,NPT,BSAI,AI
SHARK_COUNTS,2017,1,692,541,NPT,BSAI,AI
SHARK_COUNTS,2018,7,692,541,NPT,BSAI,AI
SHARK_COUNTS,2019,8,692,541,NPT,BSAI,AI
SHARK_COUNTS,2020,9.093426301,692,541,NPT,BSAI,AI
SHARK_COUNTS,2020,0.009307786,692,541,PTR,BSAI,AI
SHARK_COUNTS,2021,12.94697793,692,541,NPT,BSAI,AI
SHARK_COUNTS,2021,2.643274926,692,541,POT,BSAI,AI
SHARK_COUNTS,2022,26,692,541,NPT,BSAI,AI
SHARK_COUNTS,2011,10.04887229,692,542,HAL,BSAI,AI
SHARK_COUNTS,2012,1,692,542,NPT,BSAI,AI
SHARK_COUNTS,2013,1,692,542,NPT,BSAI,AI
SHARK_COUNTS,2014,12.46072472,692,542,HAL,BSAI,AI
SHARK_COUNTS,2014,0.01070458,692,542,NPT,BSAI,AI
SHARK_COUNTS,2015,4.312015002,692,542,HAL,BSAI,AI
SHARK_COUNTS,2015,1,692,542,NPT,BSAI,AI
SHARK_COUNTS,2015,1,692,542,PTR,BSAI,AI
SHARK_COUNTS,2016,170.7294733,692,542,HAL,BSAI,AI
SHARK_COUNTS,2016,1,692,542,NPT,BSAI,AI
SHARK_COUNTS,2017,3,692,542,HAL,BSAI,AI
SHARK_COUNTS,2017,1,692,542,NPT,BSAI,AI
SHARK_COUNTS,2018,4,692,542,NPT,BSAI,AI
SHARK_COUNTS,2019,2,692,542,NPT,BSAI,AI
SHARK_COUNTS,2020,2.132344274,692,542,NPT,BSAI,AI
SHARK_COUNTS,2021,1,692,542,NPT,BSAI,AI
SHARK_COUNTS,2022,1,692,542,NPT,BSAI,AI
SHARK_COUNTS,2011,3.752240567,692,543,HAL,BSAI,AI
SHARK_COUNTS,2011,13,692,543,NPT,BSAI,AI
SHARK_COUNTS,2012,2,692,543,NPT,BSAI,AI
SHARK_COUNTS,2013,5,692,543,HAL,BSAI,AI
SHARK_COUNTS,2013,2,692,543,NPT,BSAI,AI
SHARK_COUNTS,2014,14.67931443,692,543,HAL,BSAI,AI
SHARK_COUNTS,2014,2,692,543,NPT,BSAI,AI
SHARK_COUNTS,2015,2,692,543,NPT,BSAI,AI
SHARK_COUNTS,2016,25.3612907,692,543,HAL,BSAI,AI
SHARK_COUNTS,2016,2,692,543,NPT,BSAI,AI
SHARK_COUNTS,2017,2,692,543,NPT,BSAI,AI
SHARK_COUNTS,2018,1,692,543,NPT,BSAI,AI
SHARK_COUNTS,2019,2,692,543,NPT,BSAI,AI
SHARK_COUNTS,2020,3,692,543,NPT,BSAI,AI
SHARK_COUNTS,2020,1,692,543,PTR,BSAI,AI
SHARK_COUNTS,2021,3,692,543,NPT,BSAI,AI
SHARK_COUNTS,2022,3,692,543,NPT,BSAI,AI
SHARK_COUNTS,2011,29.73290259,692,610,HAL,GOA,WGOA
SHARK_COUNTS,2011,5.562441813,692,610,NPT,GOA,WGOA
SHARK_COUNTS,2011,9.717977742,692,610,PTR,GOA,WGOA
SHARK_COUNTS,2012,1.88023331,692,610,HAL,GOA,WGOA
SHARK_COUNTS,2012,38.9848628,692,610,PTR,GOA,WGOA
SHARK_COUNTS,2013,57.53001249,692,610,HAL,GOA,WGOA
SHARK_COUNTS,2013,15.78806879,692,610,PTR,GOA,WGOA
SHARK_COUNTS,2014,227.2210835,692,610,HAL,GOA,WGOA
SHARK_COUNTS,2014,158.5664375,692,610,PTR,GOA,WGOA
SHARK_COUNTS,2015,45.70261622,692,610,HAL,GOA,WGOA
SHARK_COUNTS,2015,9.015398857,692,610,PTR,GOA,WGOA
SHARK_COUNTS,2016,99.58573234,692,610,HAL,GOA,WGOA
SHARK_COUNTS,2016,1,692,610,PTR,GOA,WGOA
SHARK_COUNTS,2017,298.9930115,692,610,HAL,GOA,WGOA
SHARK_COUNTS,2017,2,692,610,PTR,GOA,WGOA
SHARK_COUNTS,2018,169.5026297,692,610,HAL,GOA,WGOA
SHARK_COUNTS,2018,0.112828781,692,610,PTR,GOA,WGOA
SHARK_COUNTS,2019,196.8496537,692,610,HAL,GOA,WGOA
SHARK_COUNTS,2019,0.037626519,692,610,NPT,GOA,WGOA
SHARK_COUNTS,2020,14.81345964,692,610,HAL,GOA,WGOA
SHARK_COUNTS,2020,1,692,610,NPT,GOA,WGOA
SHARK_COUNTS,2020,3.185934031,692,610,POT,GOA,WGOA
SHARK_COUNTS,2020,16,692,610,PTR,GOA,WGOA
SHARK_COUNTS,2021,44.2315073,692,610,HAL,GOA,WGOA
SHARK_COUNTS,2021,8,692,610,PTR,GOA,WGOA
SHARK_COUNTS,2022,4.23388691,692,610,HAL,GOA,WGOA
SHARK_COUNTS,2022,19.59964733,692,610,POT,GOA,WGOA
SHARK_COUNTS,2011,51.1535324,692,620,HAL,GOA,CGOA
SHARK_COUNTS,2011,48.91183945,692,620,NPT,GOA,CGOA
SHARK_COUNTS,2011,31.40196744,692,620,PTR,GOA,CGOA
SHARK_COUNTS,2012,2.089620028,692,620,HAL,GOA,CGOA
SHARK_COUNTS,2012,304.8034023,692,620,NPT,GOA,CGOA
SHARK_COUNTS,2012,15.57759345,692,620,PTR,GOA,CGOA
SHARK_COUNTS,2013,186.5568775,692,620,HAL,GOA,CGOA
SHARK_COUNTS,2013,21,692,620,NPT,GOA,CGOA
SHARK_COUNTS,2013,58.13784482,692,620,PTR,GOA,CGOA
SHARK_COUNTS,2014,482.4310562,692,620,HAL,GOA,CGOA
SHARK_COUNTS,2014,147.6780347,692,620,NPT,GOA,CGOA
SHARK_COUNTS,2014,43.81670601,692,620,PTR,GOA,CGOA
SHARK_COUNTS,2015,191.9996854,692,620,HAL,GOA,CGOA
SHARK_COUNTS,2015,84.29484793,692,620,NPT,GOA,CGOA
SHARK_COUNTS,2015,53.93291315,692,620,PTR,GOA,CGOA
SHARK_COUNTS,2016,78.91270227,692,620,HAL,GOA,CGOA
SHARK_COUNTS,2016,74.04101563,692,620,NPT,GOA,CGOA
SHARK_COUNTS,2016,159.5353625,692,620,PTR,GOA,CGOA
SHARK_COUNTS,2017,182.5491623,692,620,HAL,GOA,CGOA
SHARK_COUNTS,2017,282.0828329,692,620,NPT,GOA,CGOA
SHARK_COUNTS,2018,292.5827552,692,620,HAL,GOA,CGOA
SHARK_COUNTS,2018,642.3754359,692,620,NPT,GOA,CGOA
SHARK_COUNTS,2018,5.315246756,692,620,PTR,GOA,CGOA
SHARK_COUNTS,2019,912.7851679,692,620,HAL,GOA,CGOA
SHARK_COUNTS,2019,134.7445599,692,620,NPT,GOA,CGOA
SHARK_COUNTS,2020,340.7939613,692,620,HAL,GOA,CGOA
SHARK_COUNTS,2020,45,692,620,NPT,GOA,CGOA
SHARK_COUNTS,2020,0.773793627,692,620,POT,GOA,CGOA
SHARK_COUNTS,2020,7.406574276,692,620,PTR,GOA,CGOA
SHARK_COUNTS,2021,221.1041349,692,620,HAL,GOA,CGOA
SHARK_COUNTS,2021,106,692,620,NPT,GOA,CGOA
SHARK_COUNTS,2021,13,692,620,PTR,GOA,CGOA
SHARK_COUNTS,2022,133.0232821,692,620,HAL,GOA,CGOA
SHARK_COUNTS,2022,43.31211916,692,620,NPT,GOA,CGOA
SHARK_COUNTS,2022,3.17713811,692,620,POT,GOA,CGOA
SHARK_COUNTS,2022,5.17,692,620,PTR,GOA,CGOA
SHARK_COUNTS,2011,37.00707217,692,630,HAL,GOA,CGOA
SHARK_COUNTS,2011,3.412455355,692,630,NPT,GOA,CGOA
SHARK_COUNTS,2012,25.60453548,692,630,HAL,GOA,CGOA
SHARK_COUNTS,2012,526.5699942,692,630,NPT,GOA,CGOA
SHARK_COUNTS,2013,196.2130521,692,630,HAL,GOA,CGOA
SHARK_COUNTS,2013,1.109730432,692,630,NPT,GOA,CGOA
SHARK_COUNTS,2013,71.2958957,692,630,PTR,GOA,CGOA
SHARK_COUNTS,2014,140.926111,692,630,HAL,GOA,CGOA
SHARK_COUNTS,2014,1.638118215,692,630,NPT,GOA,CGOA
SHARK_COUNTS,2014,14.22989046,692,630,PTR,GOA,CGOA
SHARK_COUNTS,2015,507.3916267,692,630,HAL,GOA,CGOA
SHARK_COUNTS,2015,17,692,630,NPT,GOA,CGOA
SHARK_COUNTS,2016,208.6427518,692,630,HAL,GOA,CGOA
SHARK_COUNTS,2016,41.32135656,692,630,NPT,GOA,CGOA
SHARK_COUNTS,2017,161.41939,692,630,HAL,GOA,CGOA
SHARK_COUNTS,2017,117.5068054,692,630,NPT,GOA,CGOA
SHARK_COUNTS,2018,64.30089653,692,630,HAL,GOA,CGOA
SHARK_COUNTS,2018,20.6060311,692,630,NPT,GOA,CGOA
SHARK_COUNTS,2018,21.22940273,692,630,POT,GOA,CGOA
SHARK_COUNTS,2018,13.23546788,692,630,PTR,GOA,CGOA
SHARK_COUNTS,2019,870.5869074,692,630,HAL,GOA,CGOA
SHARK_COUNTS,2019,15.66841155,692,630,NPT,GOA,CGOA
SHARK_COUNTS,2020,34.89875887,692,630,HAL,GOA,CGOA
SHARK_COUNTS,2020,25.0398591,692,630,NPT,GOA,CGOA
SHARK_COUNTS,2020,2.04366752,692,630,POT,GOA,CGOA
SHARK_COUNTS,2020,18.46130808,692,630,PTR,GOA,CGOA
SHARK_COUNTS,2021,13.42963624,692,630,HAL,GOA,CGOA
SHARK_COUNTS,2021,10.14531995,692,630,NPT,GOA,CGOA
SHARK_COUNTS,2021,11.67555523,692,630,PTR,GOA,CGOA
SHARK_COUNTS,2022,97.45164798,692,630,HAL,GOA,CGOA
SHARK_COUNTS,2022,0.033648481,692,630,NPT,GOA,CGOA
SHARK_COUNTS,2022,83.47648071,692,630,POT,GOA,CGOA
SHARK_COUNTS,2022,0.83,692,630,PTR,GOA,CGOA
SHARK_COUNTS,2011,42,692,640,NPT,GOA,EGOA
SHARK_COUNTS,2011,0.31705198,692,640,PTR,GOA,EGOA
SHARK_COUNTS,2013,113.0792941,692,640,HAL,GOA,EGOA
SHARK_COUNTS,2013,2.357710953,692,640,PTR,GOA,EGOA
SHARK_COUNTS,2014,260.3003067,692,640,HAL,GOA,EGOA
SHARK_COUNTS,2014,10.37573376,692,640,PTR,GOA,EGOA
SHARK_COUNTS,2015,95.53714428,692,640,HAL,GOA,EGOA
SHARK_COUNTS,2015,3.805372529,692,640,NPT,GOA,EGOA
SHARK_COUNTS,2015,0.016736675,692,640,PTR,GOA,EGOA
SHARK_COUNTS,2016,34.89243645,692,640,HAL,GOA,EGOA
SHARK_COUNTS,2017,45.19130529,692,640,HAL,GOA,EGOA
SHARK_COUNTS,2018,57.12524231,692,640,HAL,GOA,EGOA
SHARK_COUNTS,2019,115.2350521,692,640,HAL,GOA,EGOA
SHARK_COUNTS,2020,21.14164471,692,640,HAL,GOA,EGOA
SHARK_COUNTS,2021,75.37238841,692,640,HAL,GOA,EGOA
SHARK_COUNTS,2022,2.667772183,692,640,HAL,GOA,EGOA
SHARK_COUNTS,2011,6.459126213,692,649,HAL,INSD,INSD
SHARK_COUNTS,2011,2.20915E-05,692,649,NPT,INSD,INSD
SHARK_COUNTS,2012,0.479417735,692,649,HAL,INSD,INSD
SHARK_COUNTS,2012,0.867083997,692,649,PTR,INSD,INSD
SHARK_COUNTS,2013,233.2163348,692,649,HAL,INSD,INSD
SHARK_COUNTS,2013,0.001226275,692,649,NPT,INSD,INSD
SHARK_COUNTS,2013,0,692,649,PTR,INSD,INSD
SHARK_COUNTS,2014,164.5306232,692,649,HAL,INSD,INSD
SHARK_COUNTS,2015,171.5096429,692,649,HAL,INSD,INSD
SHARK_COUNTS,2015,0.337753946,692,649,PTR,INSD,INSD
SHARK_COUNTS,2016,198.14293,692,649,HAL,INSD,INSD
SHARK_COUNTS,2016,0.705659278,692,649,PTR,INSD,INSD
SHARK_COUNTS,2017,1499.354576,692,649,HAL,INSD,INSD
SHARK_COUNTS,2018,80.75066249,692,649,HAL,INSD,INSD
SHARK_COUNTS,2018,0.967460294,692,649,PTR,INSD,INSD
SHARK_COUNTS,2019,122.3166745,692,649,HAL,INSD,INSD
SHARK_COUNTS,2020,51.88186439,692,649,HAL,INSD,INSD
SHARK_COUNTS,2020,2.883474818,692,649,PTR,INSD,INSD
SHARK_COUNTS,2021,77.35840216,692,649,HAL,INSD,INSD
SHARK_COUNTS,2022,15.07652066,692,649,HAL,INSD,INSD
SHARK_COUNTS,2022,0.794933904,692,649,POT,INSD,INSD
SHARK_COUNTS,2011,50.82540949,692,650,HAL,GOA,EGOA
SHARK_COUNTS,2012,93.46771622,692,650,HAL,GOA,EGOA
SHARK_COUNTS,2013,222.4197067,692,650,HAL,GOA,EGOA
SHARK_COUNTS,2014,93.74355125,692,650,HAL,GOA,EGOA
SHARK_COUNTS,2015,43.32382211,692,650,HAL,GOA,EGOA
SHARK_COUNTS,2016,178.8589833,692,650,HAL,GOA,EGOA
SHARK_COUNTS,2017,87.11648332,692,650,HAL,GOA,EGOA
SHARK_COUNTS,2018,83.31394868,692,650,HAL,GOA,EGOA
SHARK_COUNTS,2018,1.838856872,692,650,POT,GOA,EGOA
SHARK_COUNTS,2019,286.8081037,692,650,HAL,GOA,EGOA
SHARK_COUNTS,2020,78.43666189,692,650,HAL,GOA,EGOA
SHARK_COUNTS,2020,2.079557693,692,650,POT,GOA,EGOA
SHARK_COUNTS,2021,172.4163212,692,650,HAL,GOA,EGOA
SHARK_COUNTS,2022,0.091634516,692,650,HAL,GOA,EGOA
SHARK_COUNTS,2022,29.44054273,692,650,POT,GOA,EGOA
SHARK_COUNTS,2011,1.760322845,692,659,HAL,INSD,INSD
SHARK_COUNTS,2012,1.848181627,692,659,HAL,INSD,INSD
SHARK_COUNTS,2013,957.4340588,692,659,HAL,INSD,INSD
SHARK_COUNTS,2014,680.9009385,692,659,HAL,INSD,INSD
SHARK_COUNTS,2015,937.0943947,692,659,HAL,INSD,INSD
SHARK_COUNTS,2016,371.2481809,692,659,HAL,INSD,INSD
SHARK_COUNTS,2017,179.5651498,692,659,HAL,INSD,INSD
SHARK_COUNTS,2018,668.1194417,692,659,HAL,INSD,INSD
SHARK_COUNTS,2019,813.9574468,692,659,HAL,INSD,INSD
SHARK_COUNTS,2020,109.881014,692,659,HAL,INSD,INSD
SHARK_COUNTS,2021,856.7185587,692,659,HAL,INSD,INSD
SHARK_COUNTS,2022,178.3645577,692,659,HAL,INSD,INSD
SHARK_COUNTS,2022,0.387561707,692,659,POT,INSD,INSD
